content_id,queue_score,model_score,action_label,reason_code,days_since_last_update,impressions_90d,avg_position,ctr,engagement_rate,is_down
content_370de6e8e035,9.242148718788735,0.7934966914152582,NO_ACTION,FRESH_LOW_RISK,20,114389,39.7,0.13,0.0,1
content_150f89b1d73b,9.23325644048989,0.8147594291451646,NO_ACTION,FRESH_LOW_RISK,20,83490,45.0,0.04,0.0,1
content_b51e2e4d22ff,9.071431973917552,0.7938369448345415,NO_ACTION,FRESH_LOW_RISK,20,91795,41.2,0.04,4.0,1
content_f648a9fdfd2a,9.063359705743556,0.8203090873655331,NO_ACTION,FRESH_LOW_RISK,20,62862,44.8,0.04,0.0,1
content_a7c2dfc8a6ec,8.927266174144854,0.7935447906291252,REVIEW_TITLE_META,LOW_CTR_OPPORTUNITY,20,76868,39.9,0.01,5.56,1
content_30772e1964b8,8.831436412380288,0.7850682551521108,NO_ACTION,FRESH_LOW_RISK,20,76822,39.8,0.1,3.95,1
content_21b3d827d451,8.65105063207388,0.8185600224484467,REVIEW_TITLE_META,LOW_CTR_OPPORTUNITY,14,38894,39.4,0.01,0.0,1
content_fb4bf6555c79,8.600077328407941,0.7584049431134594,REVIEW_REFRESH,STALE_VISIBLE,104,84093,45.6,0.0,0.0,1
content_ff94c9b6b411,8.587716586774363,0.6959485931927213,NO_ACTION,FRESH_LOW_RISK,20,228566,27.4,0.04,1.15,1
content_09100d409cfc,8.560834394610415,0.793081156747253,NO_ACTION,FRESH_LOW_RISK,20,48746,40.0,0.09,4.26,1
content_66b4046cc144,8.556700940655,0.6962572684795841,NO_ACTION,FRESH_LOW_RISK,20,217415,26.6,0.03,1.35,1
content_54baba704595,8.446801615660814,0.7170440107567945,REVIEW_REFRESH,STALE_VISIBLE,104,130617,47.0,0.01,1.42,1
content_548238274473,8.40122159119389,0.7711108271792071,REVIEW_TITLE_META,LOW_CTR_OPPORTUNITY,20,53903,40.3,0.02,9.09,1
content_32cfb0b2fccf,8.379628734192321,0.7350260853949315,REVIEW_REFRESH,STALE_VISIBLE,104,89361,38.5,0.01,1.5,1
content_5096a9d25fe5,8.24345731818737,0.7630841728741373,REVIEW_REFRESH,STALE_VISIBLE,104,49158,46.6,0.01,0.0,1
content_1d58cdcf8bca,8.1734287362197,0.7575887018484367,NO_ACTION,FRESH_LOW_RISK,20,48471,37.6,0.06,2.86,1
content_15bbc0978284,8.166161000040395,0.7037129621271777,REVIEW_REFRESH,STALE_VISIBLE,104,109577,34.4,0.04,0.81,1
content_8b36799b7e44,8.142587529905603,0.6865961477768627,REVIEW_REFRESH,STALE_VISIBLE,104,141400,32.0,0.02,2.17,1
content_db0bf34f871c,8.140746606902486,0.8125813378406628,NO_ACTION,FRESH_LOW_RISK,20,22434,40.5,0.04,0.0,1
content_20e876d26019,8.116523251718267,0.7377808275281369,REVIEW_TITLE_META,LOW_CTR_OPPORTUNITY,20,59949,27.3,0.02,0.0,1
content_2d6dd9c9b23f,8.106984329187412,0.7916207707303742,NO_ACTION,FRESH_LOW_RISK,20,28028,48.4,0.05,0.0,1
content_d99b7a2d90ca,8.088089790777254,0.820327367066943,NO_ACTION,FRESH_LOW_RISK,14,19140,44.0,0.13,0.0,1
content_60e8eba31e41,8.08523032166656,0.7918920392222699,NO_ACTION,FRESH_LOW_RISK,20,27173,37.3,0.04,0.0,1
content_551fe371f51b,8.079970902044316,0.6929926409759039,NO_ACTION,FRESH_LOW_RISK,20,115789,23.8,0.04,4.17,1
content_124763d39ca5,8.03836275988632,0.6827341895145572,REVIEW_REFRESH,STALE_VISIBLE,104,129803,33.2,0.01,8.05,1
content_9a29e017706f,8.02969715412634,0.7193154345975159,REVIEW_REFRESH,STALE_VISIBLE,104,70471,40.8,0.02,0.29,1
content_64f14eaed432,7.985588713032776,0.7885139280939035,NO_ACTION,FRESH_LOW_RISK,20,25018,37.3,0.03,0.0,1
content_8d3971bfd976,7.98167694922679,0.693931105418691,NO_ACTION,FRESH_LOW_RISK,20,98924,21.8,0.03,0.0,1
content_41b9311ed497,7.965696755272217,0.7181221886629934,NO_ACTION,FRESH_LOW_RISK,20,65669,35.1,0.1,3.8,1
content_22a9bff23e33,7.963762591901297,0.7925088726592656,NO_ACTION,FRESH_LOW_RISK,20,23127,40.2,0.12,0.0,1
content_94058fab0b5b,7.944297566670335,0.7281249532732126,REVIEW_REFRESH,STALE_VISIBLE,104,54754,38.4,0.01,0.0,1
content_cb3c920a1bfd,7.9328673005901775,0.7562497558644564,NO_ACTION,FRESH_LOW_RISK,20,35944,36.0,0.09,0.0,1
content_c8e9d6ab9013,7.932033806256385,0.6475894869094163,REVIEW_REFRESH,STALE_VISIBLE_STRIKING,104,208678,9.7,0.0,0.0,1
content_7d1dcfd354f5,7.9239288525133205,0.7756921476327275,NO_ACTION,FRESH_LOW_RISK,20,27317,36.4,0.07,0.0,1
content_e69f14f8ceef,7.904861603776926,0.7558421938671185,REVIEW_TITLE_META,LOW_CTR_OPPORTUNITY,20,34833,32.2,0.02,0.0,1
content_21963a7d58d2,7.876669789161758,0.7189467121779827,NO_ACTION,FRESH_LOW_RISK,20,57287,27.0,0.04,3.39,1
content_ab17bac1b626,7.829049586302147,0.7713797969398528,NO_ACTION,FRESH_LOW_RISK,20,25575,37.9,0.09,0.0,1
content_9e0abcad7411,7.828347184732099,0.7067510708861797,REVIEW_REFRESH,STALE_VISIBLE,104,64635,36.0,0.03,1.29,1
content_9e8fabe8715d,7.815985468923186,0.7994614857672647,NO_ACTION,FRESH_LOW_RISK,20,17615,41.7,0.03,4.17,1
content_f99c7d95b7d0,7.809097908538513,0.7465831267875082,NO_ACTION,FRESH_LOW_RISK,20,34883,29.8,0.04,0.0,1
content_2cb8b923f6d8,7.808065094920107,0.7466626383821403,NO_ACTION,FRESH_LOW_RISK,20,34796,36.0,0.05,9.09,1
content_a3299043fb71,7.797047185670298,0.718565533901827,REVIEW_REFRESH,STALE_VISIBLE,104,51577,38.0,0.03,0.82,1
content_e752a4e03dd3,7.795674104708333,0.6616520512397015,REVIEW_REFRESH,STALE_VISIBLE,104,130892,23.9,0.01,1.32,1
content_5e6c160719bc,7.757056051082253,0.7464952172486952,NO_ACTION,FRESH_LOW_RISK,20,32574,46.0,0.09,5.88,1
content_fe4b3bf89a95,7.728111462533087,0.7565855032649967,REVIEW_TITLE_META,LOW_CTR_OPPORTUNITY,20,27294,34.5,0.01,0.0,1
content_7468618ed04d,7.721719999233182,0.7875915017164321,REVIEW_TITLE_META,LOW_CTR_OPPORTUNITY,20,18109,42.1,0.01,0.0,1
content_46ec277dd3f9,7.7170634557353575,0.7774609067044832,NO_ACTION,FRESH_LOW_RISK,20,20454,37.5,0.04,0.0,1
content_d9c30b1d8907,7.693101867023199,0.7834682098750574,NO_ACTION,FRESH_LOW_RISK,20,18384,38.6,0.03,0.0,1
content_bdeaad97cee5,7.670552438188079,0.7724145479308925,NO_ACTION,FRESH_LOW_RISK,20,20549,37.3,0.07,0.0,1
content_f9d82e71e363,7.65481627799959,0.7581559158035371,REVIEW_REFRESH,STALE_VISIBLE,104,24260,2.0,0.08,0.0,1
content_2cfb8ba7f69a,7.639216262637556,0.7317208849053888,NO_ACTION,FRESH_LOW_RISK,20,34202,30.2,0.03,5.0,1
content_88aa778b4b07,7.632177283578274,0.7486553320673092,REVIEW_TITLE_META,LOW_CTR_OPPORTUNITY,20,26755,31.4,0.01,0.0,1
content_f8de7d4cee60,7.619713034900547,0.6680803121247111,REVIEW_REFRESH,STALE_VISIBLE,104,89803,30.8,0.02,3.45,1
content_c851b37901de,7.577328069222788,0.7890980674132362,NO_ACTION,FRESH_LOW_RISK,14,14801,41.5,0.05,3.85,1
content_6923971918f3,7.562603840171745,0.737854577563053,REVIEW_REFRESH,STALE_VISIBLE,104,28266,47.5,0.02,0.0,1
content_991210e426c4,7.518261644159069,0.745890263472583,NO_ACTION,FRESH_LOW_RISK,20,23850,37.3,0.08,4.55,1
content_79bb47608e63,7.495037354380083,0.7760519563153835,REVIEW_REFRESH,STALE_VISIBLE,104,15644,44.6,0.03,6.06,1
content_1e1df0405fd7,7.480049113730019,0.7461266069705804,REVIEW_TITLE_META,LOW_CTR_OPPORTUNITY,20,22587,37.1,0.02,11.11,1
content_b5c4224767fc,7.474291975615794,0.7369848878939423,NO_ACTION,FRESH_LOW_RISK,20,25379,34.3,0.05,5.88,1
content_a08172d71a79,7.471181831946063,0.7877712048700883,NO_ACTION,FRESH_LOW_RISK,20,13146,42.5,0.05,0.0,1
content_ff67adc622e5,7.462913886465687,0.6678573440133065,REVIEW_REFRESH,STALE_VISIBLE,104,71282,33.6,0.05,0.5,1
content_0e70a832cb7a,7.462841100038514,0.6186221285946253,NO_ACTION,FRESH_LOW_RISK,25,173450,22.6,0.04,1.71,0
content_4906a791180b,7.4568458660577415,0.7518959647559599,REVIEW_REFRESH,STALE_VISIBLE,104,20279,46.4,0.04,0.0,1
content_6e28a04c07a8,7.456522255744848,0.7016682455881096,REVIEW_REFRESH,STALE_VISIBLE,104,41226,34.3,0.0,0.0,1
content_1ef7e64c10f3,7.452346969125185,0.7681988235520274,NO_ACTION,FRESH_LOW_RISK,20,16334,43.3,0.12,5.34,1
content_39b6f6812582,7.439207718305351,0.724072521869442,REVIEW_TITLE_META,LOW_CTR_OPPORTUNITY,20,28972,41.4,0.0,0.0,1
content_69be0182f4d8,7.438666493278304,0.6890272882692421,NO_ACTION,FRESH_LOW_RISK,20,48819,34.7,0.24,6.09,1
content_64a482194d7a,7.413825124068874,0.7450374056257334,NO_ACTION,FRESH_LOW_RISK,20,20971,35.8,0.06,0.0,1
content_3ff4db0af7c5,7.411489998648285,0.7125695490176907,NO_ACTION,FRESH_LOW_RISK,20,32894,32.0,0.07,6.67,1
content_dcb529347579,7.406983764907424,0.7850935828258118,REVIEW_REFRESH,STALE_VISIBLE,104,12512,1.9,0.07,0.0,1
content_f94c8457d590,7.389545647951046,0.7819245209625239,NO_ACTION,FRESH_LOW_RISK,14,12713,40.4,0.05,4.76,0
content_16dac4871b21,7.38432305501857,0.7249487123106618,NO_ACTION,FRESH_LOW_RISK,20,26528,34.2,0.06,3.57,1
content_6503d6f4332e,7.37140645511696,0.7490444530376368,NO_ACTION,FRESH_LOW_RISK,20,18789,35.1,0.03,0.0,1
content_9762f75ff577,7.352165945386992,0.7150645563121478,REVIEW_REFRESH,STALE_VISIBLE,104,29196,42.8,0.02,1.29,1
content_1e6b4cfb915c,7.339935593739348,0.7124910246003835,NO_ACTION,FRESH_LOW_RISK,20,29785,32.1,0.07,2.27,1
content_07f58a30b883,7.329426223795471,0.6951156208129219,NO_ACTION,FRESH_LOW_RISK,20,37955,23.1,0.08,0.0,1
content_b80d73524f2d,7.3214949697043625,0.6985698965631522,REVIEW_REFRESH,STALE_VISIBLE,104,35620,44.0,0.03,1.69,1
content_7a84a9b5bf05,7.311258826506199,0.7603007483246991,REVIEW_REFRESH,STALE_VISIBLE,104,15006,46.4,0.07,0.0,0
content_42634cb0c5a3,7.307076283516194,0.684629331427182,REVIEW_REFRESH,STALE_VISIBLE_STRIKING,104,43175,18.8,0.02,1.03,1
content_ac1eb519d342,7.306591422813629,0.7411038647738046,REVIEW_REFRESH,STALE_VISIBLE,104,19130,47.6,0.07,0.33,1
content_c22ff7a50d80,7.302470630814207,0.7381276701554907,NO_ACTION,FRESH_LOW_RISK,20,19795,31.2,0.04,0.0,1
content_94ff4ec6b6b5,7.299103996432954,0.7608932292859596,REVIEW_TITLE_META,LOW_CTR_OPPORTUNITY,14,14658,37.5,0.01,6.25,1
content_5883f3faa8e3,7.298594773102302,0.7567911189052964,REVIEW_REFRESH,STALE_VISIBLE,104,15430,44.2,0.03,1.23,1
content_3e184243bea3,7.296478363383821,0.7700511408849787,REVIEW_REFRESH,STALE_VISIBLE,104,13033,3.2,0.05,0.0,1
content_9e4b7cc63012,7.29313378194765,0.7303871987325802,NO_ACTION,FRESH_LOW_RISK,20,21704,35.8,0.17,0.0,1
content_66677b99e328,7.279748301558162,0.7070391327753491,NO_ACTION,FRESH_LOW_RISK,20,29616,30.1,0.17,0.0,1
content_2f63ec48a481,7.2733962981857605,0.7002844410552465,REVIEW_REFRESH,STALE_VISIBLE,104,32413,35.2,0.03,1.05,1
content_bfeab0d95550,7.272019393634719,0.683920308348656,NO_ACTION,FRESH_LOW_RISK,20,41474,23.0,0.14,0.0,1
content_16d67f7f1084,7.267235075752814,0.7368740355062315,REVIEW_TITLE_META,LOW_CTR_OPPORTUNITY,20,19191,31.5,0.01,0.0,1
content_c1fe78bc4e37,7.265929657207161,0.6154431404972203,REVIEW_REFRESH,STALE_VISIBLE,104,134055,7.5,0.03,1.18,1
content_b729dce3adf7,7.264035240417339,0.7591443674844824,NO_ACTION,FRESH_LOW_RISK,20,14309,43.0,0.06,2.38,1
content_8f65a4dbfd0e,7.262188584222404,0.7897868078348356,REVIEW_REFRESH,STALE_VISIBLE,104,9848,1.1,0.05,12.5,1
content_c34317772aab,7.243073346376565,0.7289050982630282,NO_ACTION,FRESH_LOW_RISK,20,20679,33.1,0.04,3.33,1
content_d8a36f6f9744,7.231300112555395,0.6892206200990044,REVIEW_REFRESH,STALE_VISIBLE,104,36025,34.7,0.04,0.0,1
content_6e098546a7a2,7.225495203249313,0.7797569704371555,REVIEW_REFRESH,STALE_VISIBLE,104,10575,1.9,0.13,0.0,1
content_095661034f9b,7.224968072681882,0.7178058550288731,REVIEW_REFRESH,STALE_VISIBLE,104,23513,39.4,0.0,0.0,1
content_453722754fea,7.221597140760991,0.6094190761930567,REVIEW_TITLE_META,LOW_CTR_OPPORTUNITY,20,140079,7.6,0.01,0.0,1
content_a880486984a2,7.2141948251233,0.6974671697610547,NO_ACTION,FRESH_LOW_RISK,20,31051,22.9,0.09,0.0,1
content_3f4422cf50a7,7.211143953925896,0.7261491592628496,REVIEW_REFRESH,STALE_VISIBLE,104,20550,44.1,0.03,2.56,1
content_b7bd590fe572,7.207525654313508,0.7651339466080296,REVIEW_REFRESH,STALE_VISIBLE,104,12331,2.9,0.02,0.0,1
content_75175d878762,7.206350677297238,0.709555285989175,REVIEW_REFRESH,STALE_VISIBLE,104,25748,48.5,0.0,0.0,1
content_f4e210ee0c27,7.2008020781816615,0.7116827843453484,NO_ACTION,FRESH_LOW_RISK,20,24784,1.6,0.06,0.0,1
content_1ec0afdfe5fb,7.198359542226555,0.7395966568252177,REVIEW_REFRESH,STALE_VISIBLE,104,16861,3.6,0.08,0.0,1
content_548f0bf562a9,7.196976679598861,0.7131164534553573,REVIEW_TITLE_META,LOW_CTR_OPPORTUNITY,41,24155,3.2,0.05,0.0,1
content_4c8ea2454a36,7.187415991961799,0.6666848751400223,REVIEW_REFRESH,STALE_VISIBLE,104,48089,38.5,0.05,0.48,1
content_73d19517bd77,7.180773355416861,0.7172114559802949,NO_ACTION,FRESH_LOW_RISK,14,22293,34.1,0.23,0.0,1
content_fb66dd8f4629,7.17989083616507,0.6910665267966983,REVIEW_REFRESH,STALE_VISIBLE,104,32518,56.5,0.09,14.29,1
content_25f7bcf2a206,7.1754193046861285,0.7179848644905822,NO_ACTION,FRESH_LOW_RISK,20,21890,34.4,0.1,0.0,1
content_792d2e64b2e3,7.172510986559674,0.7170737814242629,REVIEW_TITLE_META,LOW_CTR_OPPORTUNITY,20,22080,21.6,0.02,0.0,1
content_906b31c43bf9,7.171072882097398,0.7219374179194367,REVIEW_REFRESH,STALE_VISIBLE,104,20600,38.9,0.02,0.0,1
content_acf71f98ada2,7.165686651318092,0.640963872029213,NO_ACTION,FRESH_LOW_RISK,20,71649,23.1,0.09,0.0,1
content_2953a9dcad77,7.16071564593405,0.7501477299421033,REVIEW_REFRESH,STALE_VISIBLE,104,13984,46.3,0.09,0.0,1
content_014eefb7eeac,7.157521436087925,0.7167332793838773,NO_ACTION,FRESH_LOW_RISK,14,21726,41.6,0.21,2.04,1
content_0022a6b4290f,7.151108457926578,0.694247515119511,NO_ACTION,FRESH_LOW_RISK,20,29747,1.2,0.07,0.0,1
content_b41bccb47ba5,7.150891710402423,0.7487437019533963,REVIEW_REFRESH,STALE_VISIBLE,104,14051,46.1,0.09,0.0,1
content_4ba95f473df2,7.148425159765795,0.7673161366106904,NO_ACTION,FRESH_LOW_RISK,20,11115,46.6,0.08,0.0,1
content_6d7c9e5047f8,7.140094955006635,0.6381513180799194,REVIEW_REFRESH,STALE_VISIBLE,104,72309,39.0,0.06,0.9,1
content_bb0d0d5e8148,7.132090863127362,0.7716287633348018,NO_ACTION,FRESH_LOW_RISK,14,10330,42.6,0.04,0.0,1
content_2149cbc42bc0,7.127796356058216,0.7085089136824526,REVIEW_REFRESH,STALE_VISIBLE,104,23394,41.8,0.03,0.0,1
content_12bb72d718fd,7.122298395501648,0.7628347287544247,REVIEW_REFRESH,STALE_VISIBLE,104,11345,3.4,0.07,0.0,1
content_d75823fc91dc,7.120362366002435,0.6757627410921478,NO_ACTION,FRESH_LOW_RISK,20,37675,30.5,0.24,1.87,1
content_0a08fba69bf3,7.110382609663524,0.6747986097683704,NO_ACTION,FRESH_LOW_RISK,20,37685,31.6,0.21,3.45,1
content_cc6d62e31116,7.1054390632748285,0.7307203894179102,REVIEW_TITLE_META,LOW_CTR_OPPORTUNITY,20,16711,32.8,0.02,0.0,0
content_52062f64233f,7.099869158515396,0.7161291809679643,REVIEW_REFRESH,STALE_VISIBLE,104,20215,40.4,0.02,0.0,1
content_f9f37772c928,7.097827398486109,0.695408750393211,REVIEW_REFRESH,STALE_VISIBLE,104,27083,34.7,0.01,0.74,1
content_b21385c39124,7.097173801085085,0.6863440553204793,REVIEW_REFRESH,STALE_VISIBLE,104,30962,30.7,0.0,1.06,1
content_c2ac8518bb1f,7.094875194597267,0.6778062878458897,REVIEW_REFRESH,VISIBLE_STRIKING,20,35150,18.5,0.24,0.0,1
content_ac7e8dd18108,7.093026540142616,0.701131640415948,REVIEW_REFRESH,STALE_VISIBLE,104,24748,38.7,0.02,1.69,1
content_88bde7b0c0c5,7.0890674130970845,0.7042742747547649,NO_ACTION,FRESH_LOW_RISK,26,23523,24.5,0.04,0.0,1
content_8be100975ca1,7.088401506161268,0.7676936100803486,REVIEW_REFRESH,STALE_VISIBLE,104,10232,2.7,0.11,0.0,1
content_2df930dbde62,7.087668979184616,0.6914907351470911,NO_ACTION,FRESH_LOW_RISK,20,28277,22.8,0.22,0.0,1
content_5daaf566b54c,7.085227020611619,0.6548233715602453,REVIEW_REFRESH,STALE_VISIBLE,104,50013,26.0,0.01,0.0,1
content_148abe09b846,7.085128616306751,0.6788628891816149,NO_ACTION,FRESH_LOW_RISK,20,34089,33.9,0.22,1.3,1
content_4718250efb96,7.082970612673511,0.7105701432829739,NO_ACTION,FRESH_LOW_RISK,20,21332,30.0,0.07,0.0,1
content_ea08be2c1018,7.082664493051838,0.7608176195923544,NO_ACTION,FRESH_LOW_RISK,14,11039,39.3,0.03,0.0,1
content_63cd028a4982,7.078089959745272,0.6747986097683704,NO_ACTION,FRESH_LOW_RISK,20,35924,31.5,0.18,3.23,1
content_134a42023b08,7.074630640935237,0.720630727394234,REVIEW_REFRESH,STALE_VISIBLE,104,18347,4.0,0.08,0.0,1
content_e2a8dcfda805,7.070672051696588,0.7075457293360278,REVIEW_TITLE_META,LOW_CTR_OPPORTUNITY,20,21877,29.0,0.02,25.0,1
content_ea379287633b,7.069712809546517,0.6695101919065651,REVIEW_REFRESH,STALE_VISIBLE,104,38542,33.4,0.05,0.9,1
content_b06905d2acaa,7.063781588333756,0.6712886236600426,REVIEW_REFRESH,STALE_VISIBLE,104,37149,23.5,0.04,1.01,1
content_7158cfbbc450,7.063371578494438,0.5980928271563072,NO_ACTION,FRESH_LOW_RISK,20,134567,24.9,0.06,3.03,0
content_b01a3c1455db,7.060887406743277,0.7055827204679812,NO_ACTION,FRESH_LOW_RISK,20,22184,31.2,0.14,0.0,1
content_8b1eeb87a7c5,7.06018803962189,0.6941258769690927,REVIEW_REFRESH,STALE_VISIBLE,104,26142,35.0,0.01,0.0,1
content_013a5d3dfc26,7.059566656319956,0.6364477515518994,REVIEW_REFRESH,STALE_VISIBLE,104,65652,25.7,0.01,0.0,0
content_fa77fd22fd21,7.057005750459301,0.7277271270909681,NO_ACTION,FRESH_LOW_RISK,20,16273,35.8,0.05,12.5,1
content_f43d175de7d4,7.054133914462806,0.6665554263640115,REVIEW_REFRESH,STALE_VISIBLE,104,39456,28.0,0.04,1.38,1
content_fc7c3c7271cb,7.053618437181617,0.7043757335161981,NO_ACTION,FRESH_LOW_RISK,20,22336,30.4,0.13,0.0,1
content_5c3bd4e1f53d,7.052828905591978,0.7302212795923873,NO_ACTION,FRESH_LOW_RISK,20,15653,34.0,0.04,0.0,1
content_8f39d99dfcfc,7.049768107520761,0.6838889260730245,REVIEW_REFRESH,STALE_VISIBLE,104,29981,34.3,0.05,0.0,1
content_935404160e73,7.047836992751995,0.6819938211660015,REVIEW_REFRESH,STALE_VISIBLE,104,30765,43.0,0.06,0.0,1
content_341b1ecdea85,7.045917443977653,0.6651135947210046,NO_ACTION,FRESH_LOW_RISK,20,39876,24.2,0.08,2.33,1
content_0c7d9d7ff50f,7.038778283358744,0.6822010794835992,NO_ACTION,FRESH_LOW_RISK,20,30264,35.5,0.17,1.3,1
content_5615415da73b,7.0373740640496925,0.6675261870412913,NO_ACTION,FRESH_LOW_RISK,20,37890,25.6,0.09,1.89,1
content_c2cca3b2a2ef,7.034879630876804,0.6896191983109236,REVIEW_REFRESH,STALE_VISIBLE,104,26932,37.0,0.01,0.0,1
content_ddcde052b7d9,7.032125741763108,0.701002390579643,NO_ACTION,FRESH_LOW_RISK,14,22731,33.6,0.22,6.76,1
content_7127e1a7a2de,7.03155434577834,0.7373718241840961,NO_ACTION,FRESH_LOW_RISK,20,13848,37.7,0.06,7.69,1
content_929aa622b6a0,7.027495904596458,0.7529942636872721,REVIEW_REFRESH,STALE_VISIBLE,104,11301,2.4,0.03,0.0,0
content_2eab8676deaf,7.023209507750509,0.7047208221172354,REVIEW_TITLE_META,LOW_CTR_OPPORTUNITY,25,21288,26.4,0.01,0.0,1
content_cbdf5a78dcd0,7.021459620720656,0.7310612730350832,REVIEW_REFRESH,STALE_VISIBLE,104,14830,2.4,0.02,0.0,0
content_c4bbb26dde65,7.020839667743352,0.6467959833954106,REVIEW_REFRESH,STALE_VISIBLE,104,51781,23.6,0.03,1.16,1
content_79bb85959143,7.015738587844763,0.7595031071272597,REVIEW_REFRESH,STALE_VISIBLE,104,10272,3.2,0.11,0.0,1
content_175f2c860c90,7.0156860435387,0.6612952059290638,NO_ACTION,FRESH_LOW_RISK,8,40497,32.0,0.11,1.66,1
content_971e2a5035bc,7.0113474901363615,0.7683851645479449,REVIEW_REFRESH,STALE_VISIBLE,104,9179,3.5,0.01,0.0,1
content_19c233eee601,7.010458396481151,0.7230187920409903,REVIEW_REFRESH,STALE_VISIBLE,104,16253,3.8,0.12,0.0,1
content_ac7a64382e25,7.005616673819994,0.694920760620507,NO_ACTION,FRESH_LOW_RISK,20,23888,24.9,0.06,5.56,1
content_a27e15f618c2,7.00392187126003,0.6860398232588666,NO_ACTION,FRESH_LOW_RISK,20,27151,32.5,0.14,4.65,1
content_4c493cf4be0a,6.988335612085574,0.7710644494445443,REVIEW_REFRESH,STALE_VISIBLE,104,8631,2.5,0.13,0.0,1
content_bf280a7215bb,6.985102728296414,0.7499880483860056,REVIEW_REFRESH,STALE_VISIBLE,104,11087,44.1,0.04,0.0,1
content_ae54c1f1dac8,6.978121869953329,0.6936606232981712,REVIEW_REFRESH,STALE_VISIBLE,104,23384,32.8,0.02,1.59,1
content_cdf436b07716,6.9749475046391884,0.6966224876038778,REVIEW_REFRESH,STALE_VISIBLE,104,22303,39.2,0.03,0.95,1
content_058efde65398,6.972767157144375,0.7127176180924486,REVIEW_REFRESH,STALE_VISIBLE,104,17735,41.1,0.01,1.45,1
content_5f2abb891cc6,6.97152356795431,0.6415515317544324,NO_ACTION,FRESH_LOW_RISK,20,52399,27.8,0.17,6.98,1
content_3cff52783e6b,6.967048739908764,0.6348879849134206,NO_ACTION,FRESH_LOW_RISK,20,58317,27.8,0.24,3.25,1
content_f742d659d8fa,6.965440380960616,0.6817853082713462,REVIEW_REFRESH,STALE_VISIBLE,104,27349,24.0,0.03,0.0,1
content_9aa793d4d895,6.964892962228731,0.7378046993143115,NO_ACTION,FRESH_LOW_RISK,20,12581,36.5,0.09,0.0,1
content_763a8c27d0fd,6.9590635631691,0.6943000573914275,REVIEW_REFRESH,STALE_VISIBLE,104,22541,40.4,0.05,0.17,1
content_f988b4cba4ea,6.9565755029105505,0.7184158971755585,REVIEW_REFRESH,STALE_VISIBLE,104,16045,40.8,0.01,0.0,1
content_15d533608a0b,6.955618183082917,0.6979287253307,REVIEW_REFRESH,STALE_VISIBLE,104,21291,39.5,0.03,1.14,1
content_8f16c82296ab,6.9511731664632865,0.7098142349698088,REVIEW_REFRESH,STALE_VISIBLE,104,17906,43.6,0.03,0.42,1
content_99f585dbaf10,6.93968360228655,0.6235636485304547,NO_ACTION,FRESH_LOW_RISK,20,68122,32.5,0.5,1.52,1
content_218a91854d3e,6.937708244968494,0.725866978450676,NO_ACTION,FRESH_LOW_RISK,20,14154,38.5,0.08,5.26,1
content_42ee5d11534f,6.9355829468786885,0.6713301853498282,REVIEW_REFRESH,STALE_VISIBLE,104,30671,30.0,0.05,0.0,1
content_9de121508040,6.932000472311265,0.6721520191005936,REVIEW_REFRESH,STALE_VISIBLE,104,30125,22.1,0.03,0.0,1
content_58cffeeaa478,6.930163485087814,0.7012728605444538,NO_ACTION,FRESH_LOW_RISK,20,19579,55.1,0.05,0.0,1
content_e828799cd882,6.926507926529969,0.726548810173976,REVIEW_REFRESH,STALE_VISIBLE,104,13813,1.9,0.2,0.0,1
content_805d59143ed3,6.924100348617729,0.7516034540261005,NO_ACTION,FRESH_LOW_RISK,15,10020,43.1,0.04,0.0,1
content_0457ac011a2d,6.921644961131944,0.6609110738039436,REVIEW_REFRESH,STALE_VISIBLE,104,35343,30.4,0.05,1.61,1
content_6f3297163cca,6.919960064470772,0.7176898105172991,NO_ACTION,FRESH_LOW_RISK,20,15397,51.0,0.09,0.0,1
content_14b6d37d9577,6.9180891798056185,0.6916378905085445,NO_ACTION,FRESH_LOW_RISK,20,22080,33.9,0.11,3.85,1
content_f51e9248f467,6.917795181907527,0.6836685258076584,NO_ACTION,FRESH_LOW_RISK,26,24800,20.4,0.04,0.0,1
content_972024c71036,6.917245851701055,0.7332901183000654,NO_ACTION,FRESH_LOW_RISK,20,12495,38.3,0.04,0.87,1
content_9b5943515a13,6.910146976274774,0.649026112488132,NO_ACTION,FRESH_LOW_RISK,20,42063,27.8,0.3,5.15,1
content_5396f1f70ab3,6.905916945613952,0.6359029175172772,REVIEW_REFRESH,STALE_VISIBLE,104,52052,26.0,0.04,0.91,1
content_d49c7fc84373,6.904118697228892,0.6976349773410861,REVIEW_REFRESH,STALE_VISIBLE,104,19859,53.3,0.02,0.0,1
content_82c243436ab7,6.901528824585934,0.7126852909602529,NO_ACTION,FRESH_LOW_RISK,20,16055,28.5,0.03,0.0,1
content_b238a9bdb82c,6.899125889915962,0.7398308314178638,REVIEW_REFRESH,STALE_VISIBLE,104,11217,49.6,0.04,3.98,1
content_37cb46471c30,6.8983428634293364,0.6870512748005756,NO_ACTION,FRESH_LOW_RISK,8,22936,35.4,0.07,0.0,1
content_cbd35a3c45b2,6.8972102276921206,0.6922378976352891,NO_ACTION,FRESH_LOW_RISK,20,21239,21.9,0.08,0.0,1
content_41e96bf2e994,6.893630056469018,0.7368071697560822,REVIEW_REFRESH,STALE_VISIBLE,104,11568,53.3,0.03,6.06,1
content_964dd0100c99,6.892525572343132,0.6488150110788382,NO_ACTION,FRESH_LOW_RISK,20,41078,22.2,0.09,2.22,1
content_e1039a455c32,6.889091470921929,0.6809458706685179,REVIEW_REFRESH,VISIBLE_STRIKING,20,24758,19.6,0.15,0.0,1
content_bbf4348fc02e,6.888323584721062,0.7455525556381539,REVIEW_REFRESH,STALE_VISIBLE,104,10292,45.5,0.03,0.0,1
content_412f4cf7d443,6.886183933776696,0.6729668369480092,REVIEW_REFRESH,VISIBLE_STRIKING,8,27793,18.6,0.01,0.0,0
content_22130da13998,6.875873805405724,0.6997585322148635,NO_ACTION,FRESH_LOW_RISK,20,18509,31.4,0.11,0.0,1
content_5ae19b72b43c,6.8744790115917676,0.6548334796733041,REVIEW_REFRESH,STALE_VISIBLE,104,36244,40.2,0.02,2.13,1
content_275d79b6d436,6.873249939444875,0.706555761337833,NO_ACTION,FRESH_LOW_RISK,20,16777,33.4,0.03,11.11,1
content_de6382d4d794,6.86993642524631,0.6830284959735056,REVIEW_REFRESH,STALE_VISIBLE,104,23342,42.3,0.03,2.13,1
content_8330b826f55b,6.866690079935384,0.6785963062536458,REVIEW_REFRESH,VISIBLE_STRIKING,26,24808,16.5,0.02,0.0,1
content_7713c488c8e8,6.859924105738957,0.7295124223541979,REVIEW_REFRESH,STALE_VISIBLE,104,12129,43.0,0.01,0.0,1
content_9009d5d37434,6.8502455472509,0.6682326542037891,REVIEW_REFRESH,STALE_VISIBLE,104,28318,2.8,0.1,4.63,1
content_d0cc5baa4995,6.8419673806603845,0.603645092492868,REVIEW_REFRESH,STALE_VISIBLE,104,83651,6.6,0.03,1.45,1
content_2333ccd359f7,6.838218199389061,0.6405543576086313,NO_ACTION,FRESH_LOW_RISK,20,43280,21.3,0.14,5.26,1
content_6eeb07cca243,6.835042507424364,0.6762600159368093,NO_ACTION,FRESH_LOW_RISK,20,24516,26.9,0.09,2.78,1
content_fea6a0d13b4a,6.833423974109171,0.6052978996992,REVIEW_REFRESH,STALE_VISIBLE,104,79965,3.4,0.07,0.0,1
content_05b3cf6119c2,6.828969075001556,0.6582699753747522,REVIEW_REFRESH,STALE_VISIBLE,104,32019,3.1,0.19,0.0,1
content_70b8f5323e29,6.819962881758407,0.617281768839393,REVIEW_REFRESH,VISIBLE_STRIKING,20,62841,19.8,1.18,1.56,1
content_6567ad5b0db3,6.819893996888861,0.6295990877660985,NO_ACTION,FRESH_LOW_RISK,20,50620,22.3,0.26,0.0,0
content_51df4c18eb86,6.818877511559202,0.6820069571754711,REVIEW_REFRESH,STALE_VISIBLE_STRIKING,104,21987,20.0,0.02,1.22,1
content_9e5b6828d9db,6.811398078407487,0.6914804901841594,REVIEW_REFRESH,STALE_VISIBLE,104,18966,59.0,0.08,3.01,1
content_1e1aaa127a7b,6.81080017518739,0.6969538904901025,NO_ACTION,FRESH_LOW_RISK,20,17539,35.6,0.09,0.0,0
content_dc07a16ea110,6.81020744904462,0.6735207534566534,REVIEW_REFRESH,STALE_VISIBLE,104,24620,28.0,0.02,0.0,1
content_ae6d1339904d,6.809717150493328,0.6965065878103758,REVIEW_REFRESH,VISIBLE_STRIKING,20,17622,19.5,0.0,0.0,1
content_4f1a280698ef,6.809415467749887,0.731301805644919,REVIEW_REFRESH,STALE_VISIBLE,104,11062,4.1,0.06,0.0,1
content_31f2223858c8,6.803409000670357,0.703509407853332,NO_ACTION,FRESH_LOW_RISK,20,15845,2.4,0.08,0.0,1
content_bd7c0867e933,6.802560037476779,0.668849895778063,REVIEW_REFRESH,STALE_VISIBLE,104,26121,38.2,0.03,1.79,1
content_164dff885baf,6.802026833190754,0.6774203003219218,NO_ACTION,FRESH_LOW_RISK,20,22949,23.6,0.08,7.41,1
content_4a50087c06cb,6.794617160190345,0.6397556533746516,REVIEW_REFRESH,STALE_VISIBLE,104,40971,47.1,0.06,0.89,1
content_43bed604d603,6.79340307406227,0.7462835989807515,REVIEW_REFRESH,STALE_VISIBLE,104,8981,4.0,0.11,0.0,1
content_4a9dba4bc6e1,6.788074840623279,0.6809603139382066,REVIEW_REFRESH,VISIBLE_STRIKING,14,21340,15.3,0.13,3.33,1
content_3db36d3c70db,6.783308271962864,0.6664447643295823,NO_ACTION,FRESH_LOW_RISK,20,26326,29.4,0.15,2.08,1
content_510a85d01661,6.780636951402669,0.6672618986571053,NO_ACTION,FRESH_LOW_RISK,20,25896,2.9,0.23,0.0,1
content_d1a0c65a380b,6.771408956144896,0.7388817722703078,REVIEW_REFRESH,STALE_VISIBLE,104,9550,44.9,0.02,0.0,1
content_179caec11499,6.769532585782766,0.6940468960492089,REVIEW_REFRESH,VISIBLE_STRIKING,20,17217,16.1,0.03,0.0,1
content_a92a865a4c04,6.767483402365376,0.7019091000412806,NO_ACTION,FRESH_LOW_RISK,20,15390,33.8,0.07,2.5,1
content_92beec70c9ff,6.767033630726265,0.7013584798602365,REVIEW_TITLE_META,LOW_CTR_OPPORTUNITY,20,15497,26.6,0.0,0.0,1
content_3e0108e57842,6.763755914628061,0.7625463390285739,REVIEW_REFRESH,STALE_VISIBLE,104,7114,46.6,0.04,0.0,1
content_b92a65abeeab,6.754172191718446,0.6861463952975739,REVIEW_TITLE_META,LOW_CTR_OPPORTUNITY,20,18837,42.1,0.01,50.0,1
content_045de7f327fe,6.753043451853558,0.742222966010042,REVIEW_REFRESH,STALE_VISIBLE,104,8940,44.8,0.01,0.0,1
content_8bb79651a584,6.750170260221728,0.6642309598335647,REVIEW_REFRESH,STALE_VISIBLE,104,25909,22.6,0.03,1.9,1
content_2b7563b8cdfc,6.749046250721172,0.6799775428203547,REVIEW_REFRESH,STALE_VISIBLE,104,20442,27.5,0.04,1.14,1
content_ed1d32ab375d,6.747893453281055,0.6813997798832244,REVIEW_REFRESH,STALE_VISIBLE,104,19989,26.1,0.04,1.15,1
content_8223440cd40c,6.746925844544444,0.6447387967284139,REVIEW_REFRESH,STALE_VISIBLE_STRIKING,104,35051,17.9,0.03,2.63,1
content_ab49afdc4a0b,6.744355987394225,0.7717063767804409,REVIEW_REFRESH,STALE_VISIBLE,104,6244,3.0,0.13,0.0,1
content_afa114dc512c,6.74280809614821,0.7299180093349961,NO_ACTION,FRESH_LOW_RISK,20,10277,2.2,0.06,0.0,1
content_a9abb3ac2f01,6.7385905934326065,0.6770255318285558,REVIEW_REFRESH,STALE_VISIBLE,104,21019,29.8,0.04,0.94,1
content_16587d23acba,6.737790110205037,0.6820287517110181,REVIEW_REFRESH,STALE_VISIBLE,104,19516,37.4,0.02,4.35,1
content_c84a0ab98e90,6.737698896902096,0.5470622771157466,REVIEW_TITLE_META,LOW_CTR_OPPORTUNITY,20,223271,7.8,0.03,3.45,0
content_e5f459e737b7,6.731009005915342,0.6152891933394629,REVIEW_TITLE_META,LOW_CTR_OPPORTUNITY,20,56363,5.9,0.01,0.0,1
content_d07ea098353c,6.7294420911353185,0.6086303330983861,REVIEW_REFRESH,STALE_VISIBLE_STRIKING,104,63366,9.4,0.03,3.33,1
content_7251d20694b5,6.7265226451193545,0.6835553480494672,REVIEW_REFRESH,STALE_VISIBLE,104,18778,35.3,0.04,1.25,1
content_bfe538eccd99,6.726346050551606,0.7010268704754035,REVIEW_REFRESH,STALE_VISIBLE,104,14690,4.6,0.03,0.0,1
content_c306d1c53a3e,6.7228372465112685,0.7327158415665331,NO_ACTION,FRESH_LOW_RISK,20,9654,1.8,0.05,0.0,1
content_a451a30f3920,6.721521187883807,0.7160792852772652,REVIEW_REFRESH,STALE_VISIBLE,104,11926,4.4,0.04,7.69,1
content_8a6446150404,6.720041104888594,0.6856554443041556,REVIEW_REFRESH,STALE_VISIBLE,104,18049,34.1,0.05,0.0,1
content_73138e49f25d,6.718170646956735,0.7325054656990742,NO_ACTION,FRESH_LOW_RISK,20,9618,2.1,0.03,0.0,1
content_358dcb91164d,6.716080094318169,0.6945652940265648,NO_ACTION,FRESH_LOW_RISK,26,15826,29.4,0.03,0.0,1
content_9fcddb149dee,6.713641491468677,0.7603758152036508,REVIEW_REFRESH,STALE_VISIBLE,104,6831,3.5,0.06,0.0,1
content_5d4cd0c99100,6.713294275448408,0.7228033775280795,REVIEW_REFRESH,STALE_VISIBLE,104,10805,43.8,0.03,2.44,1
content_6f057a523b5d,6.712213974868136,0.6810189545749786,REVIEW_REFRESH,STALE_VISIBLE,104,19074,32.1,0.04,1.72,1
content_596e56ce58f9,6.709883938745119,0.7189417831522058,NO_ACTION,FRESH_LOW_RISK,20,11304,30.4,0.04,0.0,1
content_1a28b25c7128,6.70906086397725,0.6781636193065192,REVIEW_REFRESH,STALE_VISIBLE,104,19790,24.8,0.03,0.0,1
content_cc33d8db197f,6.704237750222294,0.6669445822499378,NO_ACTION,FRESH_LOW_RISK,20,23205,25.1,0.13,5.66,1
content_7c115901d46f,6.703701797736893,0.7053628715617043,REVIEW_TITLE_META,LOW_CTR_OPPORTUNITY,14,13411,35.7,0.0,14.29,1
content_b0c24b6fb432,6.702811716231261,0.6838125181370518,REVIEW_REFRESH,STALE_VISIBLE,104,18071,23.5,0.02,1.82,1
content_ada8e9b1527e,6.700309973104837,0.597869852272108,REVIEW_REFRESH,STALE_VISIBLE,104,73641,36.0,0.06,1.1,1
content_ebf51d7079e2,6.699296963593076,0.6741265357418623,REVIEW_REFRESH,STALE_VISIBLE,104,20696,3.8,0.06,3.85,1
content_01de5be837e8,6.698646924502071,0.7739434918421411,REVIEW_REFRESH,STALE_VISIBLE,104,5739,2.8,0.12,0.0,0
content_b884e448239f,6.698033043732816,0.6349531663633793,NO_ACTION,FRESH_LOW_RISK,20,38133,22.6,0.3,2.17,1
content_13fa4570b9fc,6.697119448783173,0.7410924938390483,REVIEW_REFRESH,STALE_VISIBLE,104,8406,2.0,0.12,1.89,1
content_6202c6261f49,6.691673336091688,0.7086951283397707,NO_ACTION,FRESH_LOW_RISK,20,12609,2.3,0.19,0.0,1
content_a259dfc6f451,6.685815614448455,0.7273617873240606,REVIEW_REFRESH,STALE_VISIBLE,104,9816,45.0,0.02,5.62,1
content_67c253269b15,6.684439100203499,0.6699494428352091,NO_ACTION,FRESH_LOW_RISK,14,21536,29.5,0.3,3.94,1
content_1624a906686f,6.682623727748992,0.6836145171044863,REVIEW_REFRESH,STALE_VISIBLE,104,17595,30.3,0.04,0.58,1
content_66458ac1b739,6.676805281019796,0.7563167233704408,REVIEW_REFRESH,STALE_VISIBLE,102,6822,2.9,0.03,0.0,1
content_2143794a59ca,6.674084810108443,0.6555013352043055,REVIEW_REFRESH,STALE_VISIBLE,104,26413,5.5,0.03,11.11,1
content_2d6c50388f53,6.669490246611031,0.6948748918772217,NO_ACTION,FRESH_LOW_RISK,7,14736,47.4,0.05,0.0,1
content_60fc8f959d20,6.665336530370491,0.6978354296255321,NO_ACTION,FRESH_LOW_RISK,20,14064,27.1,0.06,0.0,1
content_4618f0735a79,6.65932158560282,0.6555157081982237,REVIEW_REFRESH,STALE_VISIBLE,104,25819,28.9,0.04,0.0,0
content_523565f29ac1,6.658759773766605,0.7973249923042667,REVIEW_REFRESH,STALE_VISIBLE,104,4235,1.7,0.09,28.57,1
content_af930f2463e8,6.658082625970093,0.7155930757968659,REVIEW_TITLE_META,LOW_CTR_OPPORTUNITY,14,10984,37.4,0.0,1.67,1
content_03c42fc46004,6.657214647675963,0.7966682313386262,REVIEW_REFRESH,STALE_VISIBLE,104,4256,2.9,0.07,0.0,1
content_d225ec9f3d46,6.655862734759058,0.6535732652939258,NO_ACTION,FRESH_LOW_RISK,20,26470,0.7,0.05,10.0,1
content_f5a6154dde6b,6.653850929645088,0.6776568088443985,REVIEW_REFRESH,STALE_VISIBLE,104,18377,36.2,0.02,0.0,1
content_c4d56710ca6c,6.651841573273367,0.6750445606526754,REVIEW_REFRESH,STALE_VISIBLE_STRIKING,104,19032,16.7,0.04,1.61,1
content_30f09b686230,6.649632812941291,0.7317526608638814,NO_ACTION,FRESH_LOW_RISK,20,8841,45.2,0.07,6.67,1
content_2f06371514c2,6.645618145844724,0.6537197536884339,REVIEW_REFRESH,VISIBLE_STRIKING,20,25999,16.2,0.09,7.41,1
content_0ba896169af5,6.6421353798811404,0.7798685811061583,REVIEW_REFRESH,STALE_VISIBLE,104,4998,2.6,0.1,15.38,1
content_be1c109fcdbc,6.642103392692133,0.7142469410784232,NO_ACTION,FRESH_LOW_RISK,20,10931,34.0,0.05,0.0,1
content_9d95058d8c5d,6.636965701419399,0.6690754729799313,REVIEW_TITLE_META,LOW_CTR_OPPORTUNITY,20,20324,3.4,0.03,0.0,1
content_1d917effd100,6.63663147377067,0.6926413188010285,REVIEW_REFRESH,STALE_VISIBLE,104,14495,37.3,0.01,0.0,1
content_9623e642ff3a,6.632919379910038,0.750416256396056,REVIEW_REFRESH,STALE_VISIBLE,104,6897,44.1,0.03,0.0,1
content_6aa43079fb0c,6.631326787291352,0.7371999714796299,REVIEW_REFRESH,STALE_VISIBLE,104,8064,3.8,0.07,4.35,1
content_95c47359824d,6.630257716081532,0.6470590677720751,NO_ACTION,FRESH_LOW_RISK,20,28190,28.5,0.3,9.38,1
content_2dd7f5e4e57b,6.6229513929874235,0.7460947259602225,NO_ACTION,FRESH_LOW_RISK,20,7163,46.2,0.08,0.0,1
content_bbb7b13eac87,6.622491003423899,0.6796833283478318,REVIEW_REFRESH,STALE_VISIBLE,104,17042,35.3,0.05,0.0,1
content_2de2912ce657,6.621743382673946,0.6762557712485195,REVIEW_REFRESH,VISIBLE_STRIKING,20,17885,17.5,0.07,5.26,1
content_b951e23ff4fc,6.621354376173328,0.6570800913469941,REVIEW_REFRESH,STALE_VISIBLE,104,23787,29.2,0.03,3.26,1
content_b8180697676a,6.620223511788928,0.7130103560911374,REVIEW_REFRESH,STALE_VISIBLE,104,10773,2.3,0.2,0.0,1
content_92ba489a6077,6.619630161945893,0.6790999596405102,REVIEW_REFRESH,STALE_VISIBLE,104,17113,33.7,0.03,1.19,1
content_631f38802ec3,6.612732691948843,0.6821469433082485,REVIEW_REFRESH,STALE_VISIBLE,104,16219,31.0,0.03,0.0,1
content_c9eeaab4031e,6.611484671226924,0.6334610266167969,REVIEW_REFRESH,STALE_VISIBLE,104,34100,6.2,0.02,5.56,1
content_263cb1bc7b20,6.605755638338357,0.674599890815255,REVIEW_REFRESH,STALE_VISIBLE_STRIKING,104,17891,12.9,0.03,1.43,1
content_71007813dd22,6.605569535846327,0.7770100038139084,REVIEW_REFRESH,STALE_VISIBLE,104,4920,3.0,0.12,0.0,1
content_825a9788af8d,6.605317715683657,0.678975457059784,REVIEW_REFRESH,STALE_VISIBLE,104,16786,5.6,0.0,0.0,1
content_954cc45bd437,6.6029801079967445,0.6846214594765722,NO_ACTION,FRESH_LOW_RISK,7,15439,1.5,0.04,0.0,1
content_1bd4dad83493,6.600022834924017,0.672447297531793,NO_ACTION,FRESH_LOW_RISK,26,18304,20.5,0.03,3.65,1
content_932801a5d31b,6.599136242076299,0.6441669820160457,REVIEW_REFRESH,STALE_VISIBLE,104,28125,7.5,0.02,4.17,1
content_479f8ec909fe,6.597172709064516,0.6297828002536243,REVIEW_REFRESH,STALE_VISIBLE,104,35429,29.8,0.04,5.56,0
content_ae758b67a3ee,6.5960269693934,0.7655759603093044,REVIEW_REFRESH,STALE_VISIBLE,104,5517,4.0,0.04,0.0,1
content_39881853ef0c,6.594641289603579,0.567030718866228,REVIEW_TITLE_META,LOW_CTR_OPPORTUNITY,20,112434,7.2,0.01,3.45,1
content_df1ea55eabf9,6.5945660620567885,0.6920883539712119,NO_ACTION,FRESH_LOW_RISK,8,13745,43.8,0.04,13.64,1
content_0f7cd02a7fbb,6.590623883048582,0.8029564433571482,REVIEW_REFRESH,STALE_VISIBLE,104,3669,2.7,0.05,0.0,1
content_b1e117d9c34c,6.590506843969246,0.7415005930613102,NO_ACTION,FRESH_LOW_RISK,20,7244,1.3,0.07,0.0,1
content_e420ff479117,6.589018793947728,0.6619822492998163,REVIEW_REFRESH,STALE_VISIBLE,104,21024,5.5,0.05,0.0,0
content_0c714e1e3130,6.5888870424965935,0.6616504472179884,REVIEW_REFRESH,STALE_VISIBLE,104,21125,37.7,0.03,2.29,1
content_11ba829169ac,6.588174370505914,0.7555129707583609,REVIEW_REFRESH,STALE_VISIBLE,104,6124,3.0,0.1,7.69,1
content_896bf2cc27b7,6.5864906799105665,0.5932252378079197,REVIEW_REFRESH,STALE_VISIBLE,104,66359,4.9,0.04,1.56,1
content_32c2aace9ea3,6.586173093604168,0.6772734641302414,REVIEW_REFRESH,STALE_VISIBLE,104,16722,31.2,0.03,0.0,0
content_bbbaf49ce1e5,6.584915882022605,0.6740280070634063,NO_ACTION,FRESH_LOW_RISK,20,17491,29.3,0.1,4.35,1
content_87113002b4dd,6.584319309422639,0.6277576913292513,REVIEW_REFRESH,VISIBLE_STRIKING,20,35904,18.1,0.65,3.79,1
content_129717e9e7d1,6.584049368634869,0.6615177641877595,NO_ACTION,FRESH_LOW_RISK,20,21013,3.0,0.19,0.0,1
content_905e82d60c1a,6.582876792856493,0.6947113872145753,NO_ACTION,FRESH_LOW_RISK,14,13038,20.9,0.11,3.45,1
content_66873a8c0e75,6.581823618606371,0.6635198661025212,REVIEW_REFRESH,STALE_VISIBLE,104,20323,21.4,0.05,1.79,1
content_46ac9dcff184,6.579467184866839,0.6670204109587635,REVIEW_REFRESH,STALE_VISIBLE,104,19224,37.6,0.03,0.0,0
content_769a421d4a73,6.578018819712395,0.6998963678842175,REVIEW_TITLE_META,LOW_CTR_OPPORTUNITY,25,12070,30.7,0.02,0.0,0
content_fe0f1d31f0b0,6.576035609534365,0.7254617500704483,NO_ACTION,FRESH_LOW_RISK,14,8643,37.0,0.09,1.56,1
content_e4548ffbc7dd,6.575300519453771,0.7516903928302292,REVIEW_REFRESH,STALE_VISIBLE,104,6293,4.0,0.13,0.0,1
content_65a668d53c13,6.573894835500497,0.7284309160732931,NO_ACTION,FRESH_LOW_RISK,20,8305,2.9,0.06,0.0,1
content_50a9f9f861c6,6.572646753259468,0.6187605599563925,REVIEW_REFRESH,STALE_VISIBLE,104,41038,6.7,0.04,0.0,1
content_fff09668a5cc,6.571829643486097,0.6826122848735457,REVIEW_REFRESH,STALE_VISIBLE,104,15175,39.9,0.03,1.12,1
content_3cdff06e3724,6.570537914539525,0.6546450955367845,REVIEW_REFRESH,STALE_VISIBLE,104,22851,35.3,0.04,0.89,0
content_26a05c42649d,6.565902190142398,0.6801405395698522,REVIEW_REFRESH,STALE_VISIBLE,104,15579,31.3,0.04,0.0,1
content_9dff6e7cbb0b,6.564151847888861,0.6376903045345425,REVIEW_REFRESH,STALE_VISIBLE,104,29543,5.2,0.04,6.25,1
content_1423cc413c6a,6.561573093956275,0.6772019143132542,NO_ACTION,FRESH_LOW_RISK,14,16142,48.3,0.03,12.5,1
content_d50a0cf19bc3,6.55723578133801,0.713160264083295,NO_ACTION,FRESH_LOW_RISK,20,9843,42.0,0.06,7.14,1
content_9d7d0e8e5278,6.557134198387031,0.6310961444913447,NO_ACTION,FRESH_LOW_RISK,20,32534,21.3,0.78,2.77,1
content_6ac3ab740bbf,6.556298746512352,0.6543457348769917,REVIEW_REFRESH,STALE_VISIBLE,106,22462,4.6,0.14,0.0,1
content_8f06bbc3716d,6.5556751804592315,0.7010428373612809,NO_ACTION,FRESH_LOW_RISK,20,11513,25.7,0.03,0.0,1
content_865fd632a1f3,6.552177899264408,0.6194372199993409,REVIEW_TITLE_META,LOW_CTR_OPPORTUNITY,20,39246,6.1,0.03,0.0,1
content_bc18d49d8f6b,6.5516841980900855,0.6306518794459657,REVIEW_REFRESH,STALE_VISIBLE,104,32491,36.2,0.0,0.0,0
content_0f9b311a8e8b,6.551535572261769,0.6310314293490912,REVIEW_REFRESH,VISIBLE_STRIKING,20,32281,10.7,0.1,0.0,1
content_58304dee07c1,6.551490073005122,0.6431480773790635,REVIEW_REFRESH,STALE_VISIBLE,104,26544,5.1,0.06,0.0,1
content_747870c01e28,6.551342158211151,0.8004286040010193,REVIEW_REFRESH,STALE_VISIBLE,104,3585,3.2,0.0,0.0,1
content_2725d2bcfac1,6.550211119194479,0.6411444855944811,REVIEW_REFRESH,STALE_VISIBLE_STRIKING,104,27348,9.1,0.02,0.0,1
content_e3ee964b3d99,6.550111140460886,0.6838877681270836,REVIEW_REFRESH,STALE_VISIBLE,104,14439,31.9,0.01,0.0,1
content_b9b805b9a1d2,6.548944372530294,0.671739753563297,REVIEW_REFRESH,STALE_VISIBLE,104,17140,33.2,0.02,2.25,0
content_9d9905bcb297,6.548738393428191,0.6110460610576517,REVIEW_REFRESH,VISIBLE_STRIKING,20,45127,12.3,0.13,0.0,1
content_ff8f5d4026b2,6.545546984522954,0.713119921576263,NO_ACTION,FRESH_LOW_RISK,20,9688,1.8,0.19,0.0,1
content_6973328a6bb8,6.544035717180839,0.6738159929355579,NO_ACTION,FRESH_LOW_RISK,20,16512,1.0,0.07,7.69,1
content_9b55935315f0,6.543959139125268,0.698338359847873,REVIEW_REFRESH,STALE_VISIBLE,104,11739,2.9,0.23,0.0,1
content_aa8a54a50d71,6.543716558250681,0.6314828140897126,REVIEW_REFRESH,STALE_VISIBLE_STRIKING,104,31648,8.2,0.03,0.0,1
content_50f7c0078e8b,6.542874220266698,0.7160927347566378,NO_ACTION,FRESH_LOW_RISK,20,9291,2.5,0.09,0.0,1
content_9b1bf5ce33fa,6.542464878977492,0.7279457745314025,REVIEW_REFRESH,STALE_VISIBLE,104,8002,47.0,0.0,0.0,1
content_d6f773f209dd,6.542259362047644,0.6797551745518886,NO_ACTION,FRESH_LOW_RISK,20,15129,26.7,0.11,0.0,1
content_ad0db3ac4e45,6.54065929281089,0.7010428373612809,REVIEW_TITLE_META,LOW_CTR_OPPORTUNITY,20,11269,25.9,0.02,0.0,1
content_fc701420f629,6.537824302352403,0.6811618139120073,REVIEW_REFRESH,STALE_VISIBLE,104,14735,30.1,0.03,0.39,1
content_c20e3a291e36,6.537105344437584,0.7230152929234235,REVIEW_TITLE_META,LOW_CTR_OPPORTUNITY,20,8445,36.2,0.02,0.0,1
content_311a6d5b0704,6.534737011757884,0.6998708613390506,NO_ACTION,FRESH_LOW_RISK,25,11350,30.8,0.04,0.0,0
content_3ee3e4b89b3b,6.534533073289545,0.6935594082242439,NO_ACTION,FRESH_LOW_RISK,20,12353,25.4,0.06,0.0,1
content_aa04fcd90504,6.532853729592262,0.7198209048316015,REVIEW_REFRESH,STALE_VISIBLE,104,8739,43.4,0.02,0.19,1
content_caabbb3b90d9,6.532569885766226,0.794366007372699,REVIEW_REFRESH,STALE_VISIBLE,104,3727,3.1,0.03,25.0,1
content_74cb5a290484,6.531619691672104,0.6219392617675177,REVIEW_REFRESH,STALE_VISIBLE,104,36388,36.3,0.04,2.35,1
content_bc7d9edf34e5,6.531411035606544,0.6557510817780977,NO_ACTION,FRESH_LOW_RISK,20,21166,30.7,0.2,1.99,0
content_bbdc171c4bc6,6.529563571775987,0.6815652362187526,REVIEW_TITLE_META,LOW_CTR_OPPORTUNITY,20,14475,3.2,0.13,0.0,1
content_b45048bf83d0,6.528196262169376,0.8093896193108624,REVIEW_REFRESH,STALE_VISIBLE,104,3182,0.9,0.06,0.0,1
content_c31c3add99f4,6.527854818005644,0.7307029554087038,NO_ACTION,FRESH_LOW_RISK,13,7582,37.0,0.05,7.14,1
content_499b43accd7e,6.52759267038917,0.6651084407980037,NO_ACTION,FRESH_LOW_RISK,20,18293,23.8,0.11,3.03,1
content_77ca734cbd5d,6.526908535231199,0.7525697698350953,REVIEW_REFRESH,STALE_VISIBLE,104,5841,3.1,0.12,15.38,1
content_f7671038eb94,6.526136329485031,0.7064704414772061,REVIEW_REFRESH,STALE_VISIBLE,104,10276,45.9,0.02,0.0,0
content_939ac0b7c80e,6.519059712006158,0.6287611667383216,NO_ACTION,FRESH_LOW_RISK,20,31827,22.4,0.83,4.62,1
content_edea39daa1db,6.518896480015042,0.7092731312181114,REVIEW_REFRESH,STALE_VISIBLE,104,9807,3.6,0.12,11.11,0
content_dc8482da17c4,6.5169467100036895,0.6643203578764166,NO_ACTION,FRESH_LOW_RISK,20,18213,24.2,0.12,2.63,1
content_53e3110b0240,6.515860914419928,0.6548893704116574,REVIEW_REFRESH,STALE_VISIBLE,104,20942,3.4,0.22,0.0,1
content_5c64c00bfcbd,6.513959686734381,0.7040990259427384,REVIEW_REFRESH,STALE_VISIBLE,104,10419,44.6,0.06,0.46,1
content_1fd60831ce3e,6.513403826241237,0.7011909104473404,NO_ACTION,FRESH_LOW_RISK,20,10818,34.6,0.07,0.0,1
content_72cbc0925ce1,6.5131159403098975,0.5978191552014582,REVIEW_REFRESH,STALE_VISIBLE,104,53894,36.9,0.06,0.56,1
content_186489efe6f4,6.51284215189751,0.7684849478366631,REVIEW_REFRESH,STALE_VISIBLE,104,4792,2.3,0.06,0.0,0
content_34d6d80e0a51,6.505172422730571,0.7238971438850611,REVIEW_REFRESH,STALE_VISIBLE,104,7992,3.5,0.11,10.0,1
content_11a4f985f14d,6.50213682092825,0.6646967213069861,REVIEW_TITLE_META,LOW_CTR_OPPORTUNITY,20,17713,3.7,0.02,0.0,1
content_11267b0c9023,6.4978814219731245,0.5930716533062188,REVIEW_REFRESH,STALE_VISIBLE,104,57314,42.0,0.04,1.25,0
content_27806249a156,6.497611756772909,0.7606938735098352,REVIEW_REFRESH,STALE_VISIBLE,104,5123,2.0,0.04,0.0,0
content_e0632fafadc8,6.4973723269631805,0.6647798379987148,NO_ACTION,FRESH_LOW_RISK,20,17565,24.0,0.11,8.7,1
content_556c5e4eb2de,6.495670396505309,0.6780274178399847,NO_ACTION,FRESH_LOW_RISK,14,14475,34.7,0.29,5.0,1
content_0636f7bcfa05,6.494666495640733,0.6677897258752236,NO_ACTION,FRESH_LOW_RISK,26,16740,24.1,0.04,1.35,1
content_ebff410c5771,6.494141237388538,0.633316507870705,REVIEW_REFRESH,STALE_VISIBLE,104,28400,6.2,0.04,4.76,1
content_87f1ffe0bedb,6.4940991763126785,0.7203615584297397,REVIEW_REFRESH,STALE_VISIBLE,104,8225,1.7,0.23,0.0,1
content_5eb326931551,6.493447970631048,0.8064094474170304,REVIEW_REFRESH,STALE_VISIBLE,104,3140,2.8,0.06,0.0,1
content_8df036e4a882,6.493305357563841,0.7202443720094667,REVIEW_REFRESH,STALE_VISIBLE,104,8228,3.5,0.13,4.0,1
content_82f54bb9c586,6.493274693282346,0.6523973799193589,REVIEW_REFRESH,VISIBLE_STRIKING,26,21013,19.1,0.06,0.0,1
content_33a2ec3db00c,6.492573296879463,0.6349913073788557,REVIEW_REFRESH,VISIBLE_STRIKING,26,27574,12.6,0.01,5.26,1
content_733815afb7a5,6.4921275513503085,0.7321436533923439,NO_ACTION,FRESH_LOW_RISK,20,7095,2.6,0.04,0.0,1
content_5a9629ab92d4,6.491491158003743,0.7655707074075063,REVIEW_REFRESH,STALE_VISIBLE,104,4813,2.4,0.06,0.0,0
content_e50995bb46d4,6.48978195820709,0.8020063429230474,REVIEW_REFRESH,STALE_VISIBLE,104,3267,1.9,0.09,0.0,1
content_b2ec40b9d68c,6.4891427794948395,0.6448538353755783,REVIEW_REFRESH,STALE_VISIBLE,104,23457,47.3,0.04,0.0,0
content_5feee3994adb,6.489086007662673,0.7239419805686201,REVIEW_REFRESH,STALE_VISIBLE,194,7812,39.0,0.01,0.0,1
content_b4c79208b569,6.488934283472032,0.8025715306563079,REVIEW_REFRESH,STALE_VISIBLE,104,3245,1.9,0.06,0.0,1
content_582241994f52,6.488571305364326,0.6571091645913194,REVIEW_REFRESH,STALE_VISIBLE,104,19426,4.9,0.09,0.0,1
content_d4bcbcc3da99,6.488480164185938,0.6552473659251231,REVIEW_REFRESH,STALE_VISIBLE,104,19976,23.9,0.05,4.92,1
content_88d367c507a3,6.486034318566935,0.550483071124682,REVIEW_REFRESH,STALE_VISIBLE,104,130932,40.1,0.04,1.99,0
content_c7d517e2b248,6.482944147598299,0.6317835843146371,REVIEW_REFRESH,STALE_VISIBLE,104,28604,42.8,0.13,0.66,1
content_f28e5f6e9ee0,6.481101452186824,0.6644556901572527,NO_ACTION,FRESH_LOW_RISK,20,17222,22.4,0.12,10.71,1
content_ab4910f75007,6.480453815993231,0.6634557943264974,REVIEW_REFRESH,STALE_VISIBLE,104,17460,4.8,0.09,0.0,1
content_b592819b7dcc,6.4802079385906906,0.6770361579190133,NO_ACTION,FRESH_LOW_RISK,20,14348,25.2,0.12,0.0,1
content_5c44b0fda035,6.480064982874257,0.6482940010700626,NO_ACTION,FRESH_LOW_RISK,20,21928,24.4,0.17,5.13,1
content_3566e148d9d4,6.478115675636189,0.6972187761810481,REVIEW_REFRESH,VISIBLE_STRIKING,14,10843,19.5,0.08,6.25,1
content_dadec10288e3,6.477692535633752,0.6238948142961802,NO_ACTION,FRESH_LOW_RISK,20,32294,22.4,0.48,2.67,1
content_4c50a1ebc644,6.472919323545015,0.6839536010605144,REVIEW_REFRESH,STALE_VISIBLE,104,12886,35.3,0.03,0.61,1
content_a1fb4e703a9e,6.469333362065539,0.6713029967038353,NO_ACTION,FRESH_LOW_RISK,25,15320,20.3,0.05,0.0,1
content_f47336c85dbb,6.4690708940078405,0.6710307737027955,REVIEW_REFRESH,STALE_VISIBLE,104,15374,37.3,0.03,0.85,1
content_de6daf8fa5be,6.467997541078188,0.6569928952667408,REVIEW_REFRESH,STALE_VISIBLE,104,18860,28.3,0.04,0.85,0
content_59c260251c82,6.464139522689573,0.7117487625467873,REVIEW_TITLE_META,LOW_CTR_OPPORTUNITY,20,8795,34.9,0.02,0.0,0
content_42e063dd7f01,6.463778245097608,0.6505664401770735,REVIEW_REFRESH,STALE_VISIBLE,104,20652,4.8,0.11,0.0,1
content_a6572397fe68,6.461774902976053,0.6970825939435636,REVIEW_TITLE_META,LOW_CTR_OPPORTUNITY,26,10611,31.0,0.02,0.0,1
content_7a21f1aac586,6.459732906297726,0.6785047457868835,REVIEW_REFRESH,VISIBLE_STRIKING,20,13636,19.4,0.07,4.17,1
content_0f2015811c7e,6.459313826910981,0.7133444061220203,NO_ACTION,FRESH_LOW_RISK,20,8560,1.7,0.14,0.0,1
content_138f5ed01ac7,6.454793687634328,0.6050783598015637,REVIEW_REFRESH,STALE_VISIBLE,104,42945,6.2,0.04,2.94,1
content_50dfd64f9e8e,6.453554936660798,0.768281722402035,REVIEW_REFRESH,STALE_VISIBLE,104,4446,2.4,0.0,0.0,0
content_3c5020578d4f,6.453409906933979,0.6457157477986635,REVIEW_REFRESH,STALE_VISIBLE_STRIKING,104,21898,9.0,0.03,0.0,1
content_bb704201c499,6.452644411964531,0.626365332023367,NO_ACTION,FRESH_LOW_RISK,20,29783,22.0,0.67,3.4,1
content_a027a8c7ff1f,6.450936409830767,0.6042857826587743,NO_ACTION,FRESH_LOW_RISK,20,43273,24.2,1.01,2.43,1
content_033d8356c2d9,6.449825524401202,0.6175158261912487,REVIEW_TITLE_META,LOW_CTR_OPPORTUNITY,20,34364,6.0,0.03,0.0,1
content_df1e8cee858c,6.448708430466358,0.7066487325645967,REVIEW_REFRESH,STALE_VISIBLE,106,9188,4.9,0.09,0.0,1
content_4402cfd84e63,6.446436577381275,0.6737535234281424,NO_ACTION,FRESH_LOW_RISK,20,14298,20.9,0.09,0.0,0
content_1edfb8639267,6.444532848203674,0.6937284020181306,NO_ACTION,FRESH_LOW_RISK,20,10825,28.8,0.04,0.0,0
content_1605ce53a19d,6.4434127351691535,0.6845557580923811,NO_ACTION,FRESH_LOW_RISK,20,12240,33.3,0.11,0.0,0
content_33c2582626ad,6.4430543194364915,0.7346590530806152,REVIEW_REFRESH,STALE_VISIBLE,104,6438,48.4,0.03,0.0,1
content_f4382a167e63,6.44218584253162,0.6701674009400123,REVIEW_REFRESH,STALE_VISIBLE,104,14954,25.1,0.02,0.0,1
content_12c48bcc972c,6.441881891729703,0.6981257983984926,NO_ACTION,FRESH_LOW_RISK,20,10171,28.0,0.03,0.0,1
content_e04eb9549989,6.440937257813071,0.7922661598326145,REVIEW_REFRESH,STALE_VISIBLE,104,3393,3.6,0.09,0.0,1
content_496544bf85aa,6.440012588409726,0.6421548305131632,REVIEW_TITLE_META,LOW_CTR_OPPORTUNITY,40,22668,5.0,0.04,2.6,1
content_9f239fd94c27,6.439374756512687,0.6245341675015851,REVIEW_REFRESH,STALE_VISIBLE,104,30051,24.6,0.03,2.06,0
content_c8c5d1dc5039,6.437912340731531,0.6734557985549346,NO_ACTION,FRESH_LOW_RISK,20,14178,21.3,0.14,0.0,1
content_61f61fd28e79,6.437488615339372,0.7086724955692728,NO_ACTION,FRESH_LOW_RISK,20,8811,2.5,0.22,0.0,1
content_2e0b3dc70916,6.427757794232611,0.6278249629523254,REVIEW_REFRESH,STALE_VISIBLE,104,27948,6.9,0.04,6.25,0
content_adfa71f879e9,6.4257076839650065,0.6923936140570909,NO_ACTION,FRESH_LOW_RISK,20,10725,26.7,0.04,0.0,1
content_db82265bf939,6.42540515647569,0.6840271075427576,REVIEW_REFRESH,STALE_VISIBLE,104,12009,30.4,0.01,1.45,1
content_c01efc6bf8fb,6.423423981878951,0.6693279255232999,REVIEW_REFRESH,STALE_VISIBLE,104,14717,27.3,0.02,0.0,1
content_6cd7d29b6757,6.423336641591108,0.7343445158202562,REVIEW_REFRESH,STALE_VISIBLE,104,6291,4.3,0.08,9.09,1
content_af8c97b7c3fc,6.422800096910465,0.5936440492888937,NO_ACTION,FRESH_LOW_RISK,20,49974,20.2,1.3,4.46,1
content_db5b1421e928,6.422139771412025,0.769057172977303,REVIEW_REFRESH,STALE_VISIBLE,104,4232,3.6,0.14,0.0,1
content_c7d15ce0c936,6.421786604266901,0.6885050570078849,NO_ACTION,FRESH_LOW_RISK,20,11238,2.1,0.28,0.0,1
content_65668a45a72d,6.418204096810304,0.6416385034946666,REVIEW_REFRESH,STALE_VISIBLE,104,22088,7.5,0.04,0.95,1
content_9558f7d085c2,6.417043396906435,0.7974583641708902,REVIEW_REFRESH,STALE_VISIBLE,104,3123,2.4,0.06,0.0,1
content_46c51f46d26c,6.415795627714417,0.675441311180614,REVIEW_TITLE_META,LOW_CTR_OPPORTUNITY,20,13341,3.9,0.01,0.0,1
content_73e60bb3846d,6.414137571380006,0.6862458376746321,REVIEW_REFRESH,STALE_VISIBLE,104,11460,30.8,0.02,1.27,1
content_d752cd3da794,6.413282083430935,0.6725971529502169,REVIEW_REFRESH,STALE_VISIBLE,104,13836,38.9,0.05,0.31,1
content_790e7ee92d5f,6.40999176475274,0.6846356494553065,REVIEW_REFRESH,STALE_VISIBLE,104,11644,33.8,0.03,0.0,1
content_383737c5080d,6.406937256275673,0.6345829708315261,NO_ACTION,FRESH_LOW_RISK,20,24252,23.0,0.29,1.12,1
content_a84bb3900115,6.402039884176269,0.6370347368107209,REVIEW_REFRESH,STALE_VISIBLE,104,23149,3.3,0.06,1.74,0
content_4d2a523dfda1,6.400271982389882,0.7138503542289378,NO_ACTION,FRESH_LOW_RISK,20,7830,2.4,0.1,0.0,1
content_8e7b754257df,6.399695095259639,0.5961774643835834,REVIEW_REFRESH,STALE_VISIBLE,104,45914,35.8,0.06,0.7,1
content_b5d1fbc91005,6.398075528254331,0.6294837699174017,REVIEW_REFRESH,STALE_VISIBLE,104,25951,24.3,0.06,0.56,1
content_4521b26bd5ff,6.395098293197941,0.6221284001353851,REVIEW_REFRESH,VISIBLE_STRIKING,20,29125,19.6,0.75,3.43,1
content_e64f06bdeadf,6.394682961130966,0.6747524749762813,NO_ACTION,FRESH_LOW_RISK,20,13056,2.7,0.29,0.0,1
content_f59522d6825f,6.386942923568262,0.6870999045435839,NO_ACTION,FRESH_LOW_RISK,20,10888,2.5,0.29,0.0,1
content_660ee321e2be,6.386867540754237,0.6532835346012437,REVIEW_REFRESH,STALE_VISIBLE,104,17615,36.3,0.05,1.69,1
content_a38dd531fd8f,6.384295795943326,0.636464887470979,REVIEW_REFRESH,STALE_VISIBLE,104,22716,6.5,0.01,12.0,1
content_cd57dbfcb318,6.383521303185877,0.6641386052747447,REVIEW_REFRESH,STALE_VISIBLE,104,14938,23.2,0.05,0.0,1
content_babdda75f3e4,6.382405903421655,0.677628729170485,NO_ACTION,FRESH_LOW_RISK,20,12316,25.7,0.04,1.15,0
content_47f8935f054c,6.380849812559699,0.7379570427084579,REVIEW_REFRESH,STALE_VISIBLE,104,5690,4.4,0.04,2.38,1
content_37890769a7b2,6.379479071158266,0.6733225312497791,REVIEW_REFRESH,STALE_VISIBLE,104,13024,29.1,0.03,0.62,1
content_5b7363bba2a0,6.378720891745491,0.689060421779738,NO_ACTION,FRESH_LOW_RISK,14,10478,22.4,0.13,0.0,1
content_ca4741e65ab8,6.377487648057677,0.7305218258021625,REVIEW_REFRESH,STALE_VISIBLE,104,6185,45.9,0.0,0.0,1
content_b08562686d22,6.374847159856437,0.801462189992507,REVIEW_REFRESH,STALE_VISIBLE,106,2846,2.0,0.14,0.0,1
content_26aaf62c0a5d,6.374612133303794,0.619124520299451,REVIEW_REFRESH,STALE_VISIBLE,104,29618,35.4,0.07,0.45,1
content_8160d36df806,6.374021643013576,0.6671325586702191,NO_ACTION,FRESH_LOW_RISK,20,14105,2.8,0.28,0.0,1
content_1d39fb731dff,6.372112485210997,0.7434240563234995,REVIEW_REFRESH,STALE_VISIBLE,104,5277,4.2,0.04,6.67,0
content_b554b5880edf,6.371071251010252,0.6725332900862407,REVIEW_REFRESH,STALE_VISIBLE,104,13006,37.4,0.04,0.0,1
content_ce8dacc2467b,6.366547758907393,0.6934470835843317,NO_ACTION,FRESH_LOW_RISK,20,9710,26.4,0.06,0.0,1
content_cd38ecad3e31,6.366424034503729,0.6399836635623167,REVIEW_REFRESH,STALE_VISIBLE,104,20905,5.3,0.08,0.0,1
content_b82f592415bc,6.366083021362731,0.6924012324988719,REVIEW_TITLE_META,LOW_CTR_OPPORTUNITY,26,9839,27.7,0.01,0.48,1
content_febe6bc4e443,6.365642614368211,0.6524053620321986,NO_ACTION,FRESH_LOW_RISK,20,17277,29.9,0.24,2.27,1
content_f986bd514b6e,6.365564566442069,0.6353266137121235,REVIEW_TITLE_META,LOW_CTR_OPPORTUNITY,20,22456,6.6,0.0,0.0,1
content_a2268e3cd5b0,6.364660417214584,0.6464024051210877,REVIEW_REFRESH,VISIBLE_STRIKING,26,18887,18.4,0.06,0.0,1
content_8c6cdc6b2e1e,6.3625479443959465,0.6596748440303066,REVIEW_REFRESH,STALE_VISIBLE,104,15443,2.9,0.14,3.45,1
content_a247759cb944,6.360986744705022,0.6793766217018278,REVIEW_REFRESH,STALE_VISIBLE,104,11648,33.2,0.03,0.49,1
content_b24c20d3108e,6.359714802552638,0.6286151048431622,REVIEW_REFRESH,VISIBLE_STRIKING,20,24760,14.4,0.15,1.5,1
content_987a0c9b0910,6.359670536623235,0.6673804467759318,REVIEW_REFRESH,STALE_VISIBLE,104,13756,27.6,0.04,0.0,1
content_9c2274f4eab3,6.359534832321113,0.638024409573112,NO_ACTION,FRESH_LOW_RISK,26,21322,29.8,0.09,1.56,1
content_20b906f1681d,6.359514184408533,0.6934470835843317,NO_ACTION,FRESH_LOW_RISK,20,9612,26.5,0.06,0.0,1
content_e913ab1f851a,6.357445769463804,0.706306233436702,NO_ACTION,FRESH_LOW_RISK,20,8110,2.4,0.14,0.0,0
content_bd765ab754cf,6.357396961283393,0.5689237452996203,REVIEW_REFRESH,VISIBLE_STRIKING,20,71283,17.2,0.08,1.27,0
content_fbfc0bffca5c,6.35271435457218,0.7173271271645938,NO_ACTION,FRESH_LOW_RISK,20,7016,1.9,0.2,0.0,1
content_7da14d2209fb,6.352275208057,0.6527292467768685,REVIEW_REFRESH,STALE_VISIBLE,104,16845,6.8,0.02,0.0,1
content_d244287970ee,6.351174835209073,0.6702862921318367,NO_ACTION,FRESH_LOW_RISK,20,13033,26.8,0.08,4.76,1
content_03c957094bba,6.348592017282384,0.6935494340663017,NO_ACTION,FRESH_LOW_RISK,20,9449,3.1,0.16,0.0,1
content_ccae0af6d8a7,6.348352859953645,0.620580976631175,NO_ACTION,FRESH_LOW_RISK,20,27713,20.8,0.78,0.0,1
content_568025b2e636,6.347866612874858,0.67865676225559,NO_ACTION,FRESH_LOW_RISK,14,11539,33.3,0.19,5.71,1
content_567c6448b441,6.34782058327922,0.682918161355635,REVIEW_REFRESH,STALE_VISIBLE,104,10884,35.1,0.04,0.0,1
content_e06389cec5c1,6.3466670180122895,0.6422512819647447,REVIEW_REFRESH,STALE_VISIBLE,104,19572,7.0,0.01,0.0,0
content_ab41b7f5e3cd,6.345333209238884,0.6912683090853146,NO_ACTION,FRESH_LOW_RISK,20,9693,27.6,0.07,0.0,1
content_f6fd768bd7d9,6.34465397189473,0.6792251314191634,NO_ACTION,FRESH_LOW_RISK,14,11395,28.9,0.2,11.54,1
content_39818a4e8846,6.34402620487939,0.7220986468705115,REVIEW_TITLE_META,LOW_CTR_OPPORTUNITY,20,6538,38.5,0.02,0.0,1
content_b115f7c74779,6.343624237048707,0.5410915746527462,REVIEW_REFRESH,STALE_VISIBLE_STRIKING,104,123469,8.0,0.03,2.33,0
content_410f8972935d,6.342643501684583,0.6677558199992946,REVIEW_REFRESH,STALE_VISIBLE,104,13338,3.4,0.13,5.56,1
content_72039d68836c,6.341920742056929,0.6406609804867629,REVIEW_REFRESH,STALE_VISIBLE,104,19910,28.7,0.06,0.16,1
content_86c98b7fffc0,6.340827684351833,0.6756972312767856,REVIEW_REFRESH,STALE_VISIBLE,104,11897,31.1,0.03,1.61,1
content_4e47036c4e87,6.34011565140506,0.6599590424727962,REVIEW_REFRESH,STALE_VISIBLE_STRIKING,104,14865,15.4,0.03,0.0,1
content_8ba781dafa55,6.339925879121664,0.6542677790512618,REVIEW_REFRESH,STALE_VISIBLE_STRIKING,104,16156,9.0,0.0,0.0,1
content_72fdb385e810,6.339672688251464,0.6422512819647447,REVIEW_REFRESH,STALE_VISIBLE,104,19360,6.9,0.01,0.0,0
